Title,Date
"Criminal Minds: Season 12: The Crimson King","3/28/22"
"Juvenile Justice: Season 1: Episode 1","3/27/22"
"Peaky Blinders: Season 3: Episode 5","3/27/22"
"Business Proposal: Season 1: Episode 1","3/25/22"
"Peaky Blinders: Season 3: Episode 4","3/23/22"
"Peaky Blinders: Season 3: Episode 3","3/23/22"
"Peaky Blinders: Season 2: Episode 2","3/23/22"
"Black Mirror: Season 4: Hang the DJ","2/19/22"
"Black Mirror: Season 4: Crocodile","2/18/22"
"Single’s Inferno: Season 1: Episode 6","2/13/22"
"Too Hot to Handle: Season 3: No Pleasure Island","2/13/22"
"Single’s Inferno: Season 1: Episode 5","2/12/22"
"Peaky Blinders: Season 2: Episode 1","1/17/22"
"Peaky Blinders: Season 1: Episode 6","1/17/22"
"Peaky Blinders: Season 1: Episode 5","1/16/22"
"Peaky Blinders: Season 1: Episode 4","1/16/22"
"Peaky Blinders: Season 1: Episode 3","1/16/22"
"Single’s Inferno: Season 1: Episode 4","12/30/21"
"Single’s Inferno: Season 1: Episode 3","12/29/21"
"Single’s Inferno: Season 1: Episode 2","12/29/21"
"Single’s Inferno: Season 1: Episode 1","12/29/21"
"Our Beloved Summer: Season 1: Before Sunset","12/29/21"
"Our Beloved Summer: Season 1: Catch Me If You Can","12/29/21"
"Our Beloved Summer: Season 1: Pride and Prejudice","12/28/21"
"Our Beloved Summer: Season 1: A Secret That Can’t Be Told","12/27/21"
"The Silent Sea: Season 1: Balhae Lunar Research Station","12/27/21"
"Titanic","12/24/21"
"The Witcher: Season 1: The End’s Beginning","12/23/21"
"The Witcher: Season 2: Family","12/23/21"
"The Witcher: Season 2: Voleth Meir","12/23/21"
"The Witcher: Season 2: Dear Friend...","12/22/21"
"The Witcher: Season 2: Turn Your Back","12/21/21"
"The Witcher: Season 2: Redanian Intelligence","12/21/21"
"The Witcher: Season 1: Much More","12/21/21"
"The Witcher: Season 2: What Is Lost","12/21/21"
"The Witcher: Season 2: Kaer Morhen","12/21/21"
"The Witcher: Season 2: A Grain of Truth","12/21/21"
"Vincenzo: Season 1: Episode 20","12/20/21"
"Vincenzo: Season 1: Episode 19","12/20/21"
"Vincenzo: Season 1: Episode 18","12/20/21"
"Vincenzo: Season 1: Episode 17","12/20/21"
"Vincenzo: Season 1: Episode 16","12/20/21"
"Vincenzo: Season 1: Episode 15","12/20/21"
"Vincenzo: Season 1: Episode 14","12/19/21"
"Vincenzo: Season 1: Episode 13","12/19/21"
"Vincenzo: Season 1: Episode 12","12/19/21"
"Vincenzo: Season 1: Episode 11","12/19/21"
"Light the Night: Part 1: Episode 2","11/30/21"
"Light the Night: Part 1: Episode 1","11/30/21"
"Arcane: Season 1: The Monster You Created","11/23/21"
"Arcane: Season 1: Oil and Water","11/21/21"
"Arcane: Season 1: The Boy Savior","11/21/21"
"Arcane: Season 1: When These Walls Come Tumbling Down","11/21/21"
"Arcane: Season 1: Everybody Wants to Be My Enemy","11/21/21"
"Arcane: Season 1: Happy Progress Day!","11/21/21"
"Arcane: Season 1: The Base Violence Necessary for Change","11/20/21"
"Arcane: Season 1: Some Mysteries Are Better Left Unsolved","11/20/21"
"Tiger King: Not Your Average Joe","11/20/21"
"Arcane: Season 1: Welcome to the Playground","11/20/21"
"You: Season 2: Fear and Loathing in Beverly Hills","11/11/21"
"My Name: Season 1: Episode 1","11/9/21"
"Love, Death & Robots: Volume 1: ICE AGE","11/9/21"
"Love, Death & Robots: Volume 2: Pop Squad","11/9/21"
"Love, Death & Robots: Volume 1: SUCKER OF SOULS","11/9/21"
"Love, Death & Robots: Volume 1: WHEN THE YOGURT TOOK OVER","11/9/21"
"You: Season 2: Ex-istential Crisis","11/8/21"
"You: Season 2: Farewell, My Bunny","11/8/21"
"You: Season 2: Have a Good Wellkend, Joe!","11/4/21"
"You: Season 2: The Good, the Bad, & the Hendy","11/4/21"
"You: Season 2: What Are Friends For?","11/4/21"
"Vincenzo: Season 1: Episode 1","11/4/21"
"Sweet Home: Season 1: Episode 1","11/4/21"
"You: Season 2: Just the Tip","11/3/21"
"You: Season 2: A Fresh Start","11/2/21"
"You: Season 1: Pilot","11/2/21"
"Money Heist: Part 1: Episode 2","10/15/21"
"Money Heist: Part 1: Episode 1","10/15/21"
"Money Heist: Part 3: We're Back","10/15/21"
"Ozark: Season 1: My Dripping Sleep","10/13/21"
"Ozark: Season 1: Blue Cat","10/12/21"
"Ozark: Season 1: Sugarwood","10/12/21"
"Money Heist: Part 2: Episode 9","10/12/21"
"Money Heist: Part 2: Episode 8","10/11/21"
"Money Heist: Part 2: Episode 7","10/11/21"
"Money Heist: Part 2: Episode 6","10/11/21"
"Money Heist: Part 2: Episode 5","10/11/21"
"Money Heist: Part 2: Episode 4","10/11/21"
"Money Heist: Part 2: Episode 3","10/11/21"
"Money Heist: Part 2: Episode 2","10/10/21"
"House of Cards: Season 5: Chapter 64","10/10/21"
"House of Cards: Season 5: Chapter 63","10/10/21"
"House of Cards: Season 5: Chapter 62","10/9/21"
"House of Cards: Season 5: Chapter 61","10/8/21"
"House of Cards: Season 5: Chapter 60","10/7/21"
"House of Cards: Season 5: Chapter 59","10/5/21"
"House of Cards: Season 5: Chapter 58","10/5/21"
"House of Cards: Season 5: Chapter 57","10/5/21"
"House of Cards: Season 5: Chapter 56","10/5/21"
"House of Cards: Season 5: Chapter 55","10/5/21"
"House of Cards: Season 5: Chapter 54","10/5/21"
"House of Cards: Season 5: Chapter 53","10/5/21"
"House of Cards: Season 4: Chapter 52","10/5/21"
"House of Cards: Season 4: Chapter 51","10/5/21"
"House of Cards: Season 4: Chapter 50","10/5/21"
"House of Cards: Season 4: Chapter 49","10/5/21"
"House of Cards: Season 4: Chapter 48","10/4/21"
"House of Cards: Season 4: Chapter 47","10/4/21"
"House of Cards: Season 4: Chapter 46","10/4/21"
"House of Cards: Season 4: Chapter 45","10/4/21"
"House of Cards: Season 4: Chapter 44","10/4/21"
"House of Cards: Season 4: Chapter 43","10/4/21"
"House of Cards: Season 4: Chapter 42","10/4/21"
"House of Cards: Season 4: Chapter 41","10/4/21"
"House of Cards: Season 4: Chapter 40","10/3/21"
"House of Cards: Season 3: Chapter 39","10/3/21"
"House of Cards: Season 3: Chapter 38","10/3/21"
"House of Cards: Season 3: Chapter 37","10/3/21"
"House of Cards: Season 3: Chapter 36","10/3/21"
"House of Cards: Season 3: Chapter 35","10/3/21"
"House of Cards: Season 3: Chapter 34","10/3/21"
"House of Cards: Season 3: Chapter 33","10/3/21"
"House of Cards: Season 3: Chapter 32","10/3/21"
"House of Cards: Season 3: Chapter 31","10/2/21"
"House of Cards: Season 3: Chapter 30","10/2/21"
"House of Cards: Season 3: Chapter 29","10/2/21"
"House of Cards: Season 3: Chapter 28","10/2/21"
"House of Cards: Season 3: Chapter 27","10/2/21"
"House of Cards: Season 2: Chapter 26","10/2/21"
"House of Cards: Season 2: Chapter 25","10/2/21"
"House of Cards: Season 2: Chapter 24","10/2/21"
"House of Cards: Season 2: Chapter 23","10/1/21"
"House of Cards: Season 2: Chapter 22","10/1/21"
"House of Cards: Season 2: Chapter 21","10/1/21"
"House of Cards: Season 2: Chapter 20","10/1/21"
"House of Cards: Season 2: Chapter 19","10/1/21"
"House of Cards: Season 2: Chapter 18","10/1/21"
"House of Cards: Season 2: Chapter 17","10/1/21"
"House of Cards: Season 2: Chapter 16","10/1/21"
"House of Cards: Season 2: Chapter 15","9/30/21"
"House of Cards: Season 2: Chapter 14","9/30/21"
"House of Cards: Season 1: Chapter 13","9/30/21"
"House of Cards: Season 1: Chapter 12","9/30/21"
"House of Cards: Season 1: Chapter 11","9/30/21"
"House of Cards: Season 1: Chapter 10","9/30/21"
"House of Cards: Season 1: Chapter 9","9/30/21"
"House of Cards: Season 1: Chapter 8","9/30/21"
"House of Cards: Season 1: Chapter 7","9/30/21"
"House of Cards: Season 1: Chapter 6","9/29/21"
"House of Cards: Season 1: Chapter 5","9/29/21"
"House of Cards: Season 1: Chapter 4","9/29/21"
"House of Cards: Season 1: Chapter 3","9/29/21"
"House of Cards: Season 1: Chapter 2","9/29/21"
"House of Cards: Season 1: Chapter 1","9/28/21"
"Sex/Life: Season 1: Empire State of Mind","9/15/21"
"Beyond Evil: Episode 16","9/15/21"
"Beyond Evil: Episode 15","9/15/21"
"Beyond Evil: Episode 12","9/15/21"
"Love, Death & Robots: Volume 2: The Drowned Giant","5/14/21"
"Love, Death & Robots: Volume 2: Life Hutch","5/14/21"
"Love, Death & Robots: Volume 2: All Through the House","5/14/21"
"Love, Death & Robots: Volume 2: The Tall Grass","5/14/21"
"Love, Death & Robots: Volume 2: Snow in the Desert","5/14/21"
"Love, Death & Robots: Volume 2: Ice","5/14/21"
"Love, Death & Robots: Volume 2: Automated Customer Service","5/14/21"
"DOTA: Dragon's Blood: Book 1: What the Thunder Said","5/5/21"
"The Social Dilemma","4/22/21"
"Love, Death & Robots: Volume 1: THE SECRET WAR","4/17/21"
"Love, Death & Robots: Volume 1: GOOD HUNTING","4/17/21"
"Love, Death & Robots: Volume 1: SONNIE'S EDGE","4/17/21"
"Love, Death & Robots: Volume 1: BEYOND THE AQUILA RIFT","4/17/21"
"Dark: Season 1: Secrets","1/12/21"
"The Uncanny Counter: Season 1: Episode 1","12/28/20"
"Kakegurui: Episode 3","12/28/20"
"Kakegurui: Episode 2","12/28/20"
"Kakegurui: Episode 1","12/27/20"
"Signal: Season 1: Episode 7","12/26/20"
"Signal: Season 1: Episode 6","12/26/20"
"Signal: Season 1: Episode 5","12/26/20"
"Signal: Season 1: Episode 4","12/26/20"
"Signal: Season 1: Episode 3","12/26/20"
"Alice in Borderland: Season 1: Episode 1","12/25/20"
"Alice in Borderland: Season 1: Episode 8","12/25/20"
"Alice in Borderland: Season 1: Episode 6","12/25/20"
"Alice in Borderland: Season 1: Episode 5","12/24/20"
"Alice in Borderland: Season 1: Episode 4","12/24/20"
"Alice in Borderland: Season 1: Episode 3","12/24/20"
"Alice in Borderland: Season 1: Episode 2","12/24/20"
"The Ripper: Limited Series: Once Upon a Time in Yorkshire","12/23/20"
"Money Heist: Part 2: Episode 1","12/23/20"
"Sweet Home: Season 1: Episode 10","12/22/20"
"Sweet Home: Season 1: Episode 9","12/22/20"
"Sweet Home: Season 1: Episode 8","12/22/20"
"Sweet Home: Season 1: Episode 7","12/22/20"
"Sweet Home: Season 1: Episode 6","12/22/20"
"Sweet Home: Season 1: Episode 5","12/22/20"
"Sweet Home: Season 1: Episode 4","12/22/20"
"Sweet Home: Season 1: Episode 3","12/22/20"
"Sweet Home: Season 1: Episode 2","12/21/20"
"Signal: Season 1: Episode 2","12/21/20"
"Signal: Season 1: Episode 1","12/20/20"
"The Signal","12/20/20"
"The Liberator: Season 1: The Enemy","12/20/20"
"The Liberator: Season 1: One Word: Anzio","12/20/20"
"The Liberator: Season 1: Why We Fight","12/20/20"
"Start-Up: Season 1: MVP (Minimum Viable Product)","12/19/20"
"Altered Carbon: Season 1: Out of the Past","12/19/20"
"Rugal: Season 1: Episode 1","12/17/20"
"The Guest: Season 1: Episode 16","12/7/20"
"The Guest: Season 1: Episode 15","12/7/20"
"The Guest: Season 1: Episode 14","12/7/20"
"The Guest: Season 1: Episode 13","12/7/20"
"The Guest: Season 1: Episode 12","12/7/20"
"The Guest: Season 1: Episode 11","12/7/20"
"The Guest: Season 1: Episode 10","12/7/20"
"The Guest: Season 1: Episode 9","12/6/20"
"The Guest: Season 1: Episode 8","12/6/20"
"The Guest: Season 1: Episode 7","12/5/20"
"The Guest: Season 1: Episode 6","12/5/20"
"The Call","12/5/20"
"The Guest: Season 1: Episode 5","12/5/20"
"The Guest: Season 1: Episode 4","12/5/20"
"The Guest: Season 1: Episode 3","12/5/20"
"The Guest: Season 1: Episode 2","12/4/20"
"The Guest: Season 1: Episode 1","12/4/20"
"Start-Up: Season 1: Elevator Speech","12/3/20"
"Start-Up: Season 1: Comfort Zone","11/30/20"
"Start-Up: Season 1: Acqhire","11/30/20"
"Start-Up: Season 1: Exit","11/29/20"
"Start-Up: Season 1: Demo Day","11/17/20"
"Start-Up: Season 1: Risk","11/17/20"
"Start-Up: Season 1: Backup","11/12/20"
"Start-Up: Season 1: Burn Rate","11/12/20"
"Start-Up: Season 1: Key Man","11/4/20"
"Start-Up: Season 1: Hackathon","11/4/20"
"The Queen's Gambit: Limited Series: End Game","11/2/20"
"The Queen's Gambit: Limited Series: Adjournment","11/2/20"
"The Queen's Gambit: Limited Series: Fork","10/31/20"
"The Queen's Gambit: Limited Series: Middle Game","10/30/20"
"The Queen's Gambit: Limited Series: Doubled Pawns","10/30/20"
"The Queen's Gambit: Limited Series: Exchanges","10/30/20"
"The Queen's Gambit: Limited Series: Openings","10/30/20"
"Start-Up: Season 1: START-UP","10/29/20"
"Life: Season 1: Episode 2","10/27/20"
"Life: Season 1: Episode 1","10/26/20"
"Start-Up: Season 1: Sandbox","10/25/20"
"Start-Up: Season 1: Angel","10/25/20"
"Start-Up: Season 1: FAMILY, FRIENDS, FOOLS","10/25/20"
"Man to Man: Season 1: Episode 1","10/22/20"
"The Lies Within: Season 1: Target","10/21/20"
"The Lies Within: Season 1: Hand","10/21/20"
"Emily in Paris: Season 1: Emily in Paris","10/21/20"
"Designated Survivor: 60 Days: Season 1: The Last Choice","10/20/20"
"Designated Survivor: 60 Days: Season 1: The Trap","10/20/20"
"Designated Survivor: 60 Days: Season 1: The Outcome","10/20/20"
"Designated Survivor: 60 Days: Season 1: Presidential Candidate","10/19/20"
"Designated Survivor: 60 Days: Season 1: Answer","10/18/20"
"Designated Survivor: 60 Days: Season 1: The Acting President, Oh Yeong-seok","10/18/20"
"Designated Survivor: 60 Days: Season 1: Accomplice","10/18/20"
"Designated Survivor: 60 Days: Season 1: Scandal","10/18/20"
"Designated Survivor: 60 Days: Season 1: Doubt","10/18/20"
"Designated Survivor: 60 Days: Season 1: Governance","10/17/20"
"Designated Survivor: 60 Days: Season 1: Command","10/17/20"
"Designated Survivor: 60 Days: Season 1: A Good Person","10/17/20"
"Designated Survivor: 60 Days: Season 1: Confession","10/17/20"
"Designated Survivor: 60 Days: Season 1: Maintaining Status Quo","10/17/20"
"Designated Survivor: 60 Days: Season 1: Commander-In-Chief","10/14/20"
"Designated Survivor: 60 Days: Season 1: The Acting President","10/14/20"
"Stranger: Season 2: Episode 16","10/9/20"
"Stranger: Season 2: Episode 15","10/9/20"
"Stranger: Season 2: Episode 14","10/9/20"
"Stranger: Season 2: Episode 13","10/9/20"
"Stranger: Season 2: Episode 12","10/9/20"
"Stranger: Season 2: Episode 11","10/9/20"
"Stranger: Season 2: Episode 10","10/9/20"
"Stranger: Season 2: Episode 9","10/7/20"
"Stranger: Season 2: Episode 8","10/6/20"
"Stranger: Season 2: Episode 7","10/6/20"
"Stranger: Season 2: Episode 6","10/4/20"
"Peaky Blinders: Season 1: Episode 2","9/23/20"
"Stranger: Season 2: Episode 5","9/22/20"
"Stranger: Season 2: Episode 4","9/18/20"
"Biohackers: Season 1: Arrival","9/17/20"
"Greatest Events of WWII in Colour: Season 1: Blitzkrieg","9/17/20"
"Sense8: Season 1: Smart Money Is on the Skinny Bitch","9/17/20"
"Peaky Blinders: Season 1: Episode 1","9/17/20"
"Stranger: Season 2: Episode 3","9/16/20"
"Stranger: Season 2: Episode 2","9/16/20"
"Stranger: Season 2: Episode 1","9/16/20"
"Stranger: Season 1: Finale: Episode 16","9/13/20"
"Stranger: Season 1: Episode 15","9/12/20"
"Stranger: Season 1: Episode 14","9/12/20"
"Stranger: Season 1: Episode 13","9/12/20"
"Stranger: Season 1: Episode 12","9/7/20"
"Stranger: Season 1: Episode 11","9/5/20"
"The Wolf of Wall Street","9/4/20"
"Stranger: Season 1: Episode 10","9/4/20"
"Stranger: Season 1: Episode 9","9/4/20"
"Stranger: Season 1: Episode 8","9/4/20"
"Stranger: Season 1: Episode 7","9/3/20"
"Love, Death & Robots: Volume 1: THE WITNESS","8/3/20"
"Love, Death & Robots: Volume 1: ALTERNATE HISTORIES","8/3/20"
"Love, Death & Robots: Volume 1: BLINDSPOT","8/3/20"
"Love, Death & Robots: Volume 1: LUCKY 13","8/3/20"
"Love, Death & Robots: Volume 1: FISH NIGHT","8/3/20"
"Love, Death & Robots: Volume 1: SHAPE-SHIFTERS","8/3/20"
"Love, Death & Robots: Volume 1: THE DUMP","8/3/20"
"Love, Death & Robots: Volume 1: THREE ROBOTS","8/3/20"
"Day and Night: Season 1: Episode 32","4/7/20"
"Day and Night: Season 1: Episode 31","4/7/20"
"Day and Night: Season 1: Episode 30","4/7/20"
"Day and Night: Season 1: Episode 29","4/7/20"
"Day and Night: Season 1: Episode 28","4/6/20"
"Day and Night: Season 1: Episode 27","4/6/20"
"Day and Night: Season 1: Episode 26","4/6/20"
"Day and Night: Season 1: Episode 25","4/5/20"
"Day and Night: Season 1: Episode 24","4/5/20"
"Day and Night: Season 1: Episode 23","4/5/20"
"Day and Night: Season 1: Episode 22","4/5/20"
"Day and Night: Season 1: Episode 21","4/5/20"
"Day and Night: Season 1: Episode 20","4/5/20"
"Prison Playbook: Season 1: Episode 10","4/4/20"
"Prison Playbook: Season 1: Episode 9","4/4/20"
"Day and Night: Season 1: Episode 19","3/25/20"
"Day and Night: Season 1: Episode 18","3/25/20"
"Day and Night: Season 1: Episode 17","3/24/20"
"Day and Night: Season 1: Episode 16","3/24/20"
"Day and Night: Season 1: Episode 15","3/24/20"
"Day and Night: Season 1: Episode 14","3/24/20"
"Day and Night: Season 1: Episode 13","3/24/20"
"Day and Night: Season 1: Episode 12","3/17/20"
"Day and Night: Season 1: Episode 11","3/17/20"
"Day and Night: Season 1: Episode 10","3/17/20"
"Day and Night: Season 1: Episode 9","3/17/20"
"Day and Night: Season 1: Episode 8","3/17/20"
"Day and Night: Season 1: Episode 7","3/17/20"
"Day and Night: Season 1: Episode 6","3/17/20"
"Day and Night: Season 1: Episode 5","3/17/20"
"Day and Night: Season 1: Episode 4","3/16/20"
"Day and Night: Season 1: Episode 3","3/16/20"
"Day and Night: Season 1: Episode 2","3/16/20"
"Day and Night: Season 1: Episode 1","3/16/20"
"Kingdom: Season 1: Episode 3","3/16/20"
"Altered Carbon: Season 2: Broken Angels","3/13/20"
"Altered Carbon: Season 2: Experiment Perilous","3/13/20"
"Altered Carbon: Season 2: Bury Me Dead","3/13/20"
"Altered Carbon: Season 2: I Wake Up Screaming","3/9/20"
"Altered Carbon: Season 2: Shadow of a Doubt","3/9/20"
"Altered Carbon: Season 2: Payment Deferred","3/9/20"
"Altered Carbon: Season 2: Nightmare Alley","3/9/20"
"Altered Carbon: Season 2: Phantom Lady","3/8/20"
"Altered Carbon: Season 1: The Killers","3/8/20"
"Altered Carbon: Season 1: Rage in Heaven","3/8/20"
"Altered Carbon: Season 1: Clash by Night","3/8/20"
"Altered Carbon: Season 1: Nora Inu","3/1/20"
"Altered Carbon: Season 1: Man with My Face","2/28/20"
"Altered Carbon: Season 1: The Wrong Man","2/28/20"
"Altered Carbon: Season 1: Force of Evil","2/27/20"
"Altered Carbon: Season 1: In a Lonely Place","2/27/20"
"Altered Carbon: Season 1: Fallen Angel","2/27/20"
"Gotham: Season 2: The Last Laugh","2/27/20"
"Gotham: Season 2: Knock, Knock","2/27/20"
"Gotham: Season 1: Pilot","2/27/20"
"Outlander: Season 1: Sassenach","2/27/20"
"Criminal Minds: Season 1: Extreme Aggressor","2/26/20"
"Kingdom: Season 1: Episode 2","2/26/20"
"The Witcher: Season 1: Before a Fall","2/26/20"
"The Witcher: Season 1: Rare Species","2/26/20"
"The Witcher: Season 1: Bottled Appetites","2/26/20"
"The Witcher: Season 1: Of Banquets, Bastards and Burials","2/26/20"
"The Witcher: Season 1: Betrayer Moon","2/25/20"
"The Witcher: Season 1: Four Marks","2/25/20"
"Kingdom: Season 1: Episode 1","2/25/20"
